Регистрационный номер банка,Наименование банка,Дата события,Квартал события,Критерий дефолта,Название документа,Тип документа,Дата документа,Номер приказа,Прямая ссылка на источник,Подтверждающая цитата,Комментарий к классификации
3251,"ПАО ""Промсвязьбанк""",2017-12-15,2017-10-01,Санация,Промсвязьбанк,Пресс-релиз Банка России,2017-12-15,,https://www.cbr.ru/press/pr/?file=15122017_091904ik2017-12-15T09_28_43.htm,"Банк России утвердил План участия Банка России в осуществлении мер по предупреждению банкротства Публичного акционерного общества «Промсвязьбанк» (рег. № 3251) (далее — Банк). В рамках мер, направленных на повышение финансовой устойчивости Банка и обеспечение непрерывности его деятельности на рынке банковских услуг, планируется участие Банка России в качестве инвестора с использованием денежных средств Фонда консолид",Семантически подтверждена самостоятельная процедура финансового оздоровления; отзыв лицензии не требуется.
3279,"Банк ""ТРАСТ"" (ПАО)",2018-03-14,2018-01-01,Санация,Банк «ТРАСТ»,Пресс-релиз Банка России,2018-03-14,,https://www.cbr.ru/press/pr/?file=14032018_192250ik2018-03-14T19_22_07.htm,"Банк России утвердил План участия Банка России в осуществлении мер по предупреждению банкротства Публичного акционерного общества Национальный банк «ТРАСТ» (рег. № 3279) (далее — Банк «ТРАСТ» (ПАО), Банк, План участия). В рамках реализации Плана участия Банка России на ООО «УК ФКБС» с 15.03.2018 возложены функции временной администрации по управлению Банк «ТРАСТ» (ПАО). Предусмотренные Планом участия Банка России мер",Семантически подтверждена самостоятельная процедура финансового оздоровления; отзыв лицензии не требуется.
2110,"АКБ ""ПЕРЕСВЕТ"" (ПАО)",2017-04-19,2017-04-01,Санация,ПЕРЕСВЕТ,Пресс-релиз Банка России,2017-04-19,,https://www.cbr.ru/press/pr/?file=19042017_133539ik2017-04-19T13_35_04.htm,Банк России принял решение о начале процедуры финансового оздоровления с применением механизма bail-in в отношении Акционерного коммерческого банка содействия благотворительности и духовному развитию Отечества «ПЕРЕСВЕТ» (Акционерное общество) АКБ «ПЕРЕСВЕТ» (АО) (далее — Банк). Совет директоров Банка России 19.04.2017 утвердил изменения в План участия государственной корпорации «Агентство по страхованию вкладов» (да,Семантически подтверждена самостоятельная процедура финансового оздоровления; отзыв лицензии не требуется.
1751,ПАО МОСОБЛБАНК,2014-05-21,2014-04-01,Санация,МОСОБЛБАНК,Пресс-релиз Банка России,2014-05-21,,https://www.cbr.ru/press/pr/?file=21052014_165934bank.htm,"Банк России принял решение о финансовом оздоровлении Акционерного коммерческого банка МОСКОВСКИЙ ОБЛАСТНОЙ БАНК открытое акционерное общество АКБ МОСОБЛБАНК ОАО, «Инвестиционного Республиканского Банка» (Общество с ограниченной ответственностью) «ИНРЕСБАНК» ООО и Коммерческого банка «Финанс Бизнес Банк» (Общество с ограниченной ответственностью) ООО КБ «Финанс Бизнес Банк» в связи с наличием угрозы интересам их креди",Семантически подтверждена самостоятельная процедура финансового оздоровления; отзыв лицензии не требуется.
554,"АО КБ ""Солидарность""",2015-11-05,2015-10-01,Санация,Солидарность,Пресс-релиз Банка России,2015-11-05,,https://www.cbr.ru/press/pr/?file=05112015_093816ik2015-11-05T09_35_40.htm,"Банк России утвердил изменения в План участия государственной корпорации «Агентство по страхованию вкладов» (далее — Агентство) в осуществлении мер по предупреждению банкротства ОАО КБ «Солидарность» (рег. № 554). Агентство провело отбор инвестора для участия в мероприятиях по предупреждению банкротства Банка, по результатам которого победителем признано ОАО «Зарубежэнергопроект» совместно с АКБ «Кранбанк» (ЗАО). Пла",Семантически подтверждена самостоятельная процедура финансового оздоровления; отзыв лицензии не требуется.
1319,"АО ""Экономбанк""",2016-03-09,2016-01-01,Санация,Экономбанк,Пресс-релиз Банка России,2016-03-09,,https://www.cbr.ru/press/pr/?file=09032016_091941ik2016-03-09T09_17_43.htm,"Банк России утвердил изменения в План участия государственной корпорации «Агентство по страхованию вкладов» (далее — Агентство) в осуществлении мер по предупреждению банкротства банка Акционерное общество «Акционерно-коммерческий банк реконструкции и развития «Экономбанк» (далее — АО «Экономбанк», Банк). Агентство провело отбор инвестора для участия в мероприятиях по предупреждению банкротства Банка, по результатам к",Семантически подтверждена самостоятельная процедура финансового оздоровления; отзыв лицензии не требуется.
1581,"АО ""Тимер Банк""",2017-12-15,2017-10-01,Санация,Тимер Банк,Пресс-релиз Банка России,2017-12-15,,https://www.cbr.ru/press/pr/?file=15122017_145356ik2017-12-15T15_04_03.htm,"Банк России утвердил изменения в План участия государственной корпорации «Агентство по страхованию вкладов» в осуществлении мер по предупреждению банкротства «Тимер Банк» (публичное акционерное общество) (рег. № 1581). В соответствии с принятым решением, инвестором определен Банк «Российская финансовая корпорация» акционерное общество (рег. № 3099). При использовании материала ссылка на Пресс-службу Банка России обяз",Семантически подтверждена самостоятельная процедура финансового оздоровления; отзыв лицензии не требуется.
2490,"АО ""ГЕНБАНК""",2020-06-19,2020-04-01,Санация,ГЕНБАНК,Пресс-релиз Банка России,2020-06-19,,https://www.cbr.ru/press/pr/?file=19062020_161009ik2020-06-19T16_09_22.htm,Банк России утвердил изменения в План участия государственной корпорации «Агентство по страхованию вкладов» в осуществлении мер по предупреждению банкротства Акционерного общества «ГЕНБАНК» (далее — Банк). Указанные изменения предусматривают реорганизацию Банка в форме присоединения к нему текущего инвестора АО «Собинбанк». После завершения реорганизации Банка в качестве инвестора будет выступать АО «АБ «РОССИЯ». При,Семантически подтверждена самостоятельная процедура финансового оздоровления; отзыв лицензии не требуется.
3176,"ПАО ""БАЛТИНВЕСТБАНК""",2015-12-24,2015-10-01,Санация,Балтинвестбанк,Пресс-релиз Банка России,2015-12-24,,https://www.cbr.ru/press/pr/?file=24122015_090501ik2015-12-24T08_58_04.htm,"Банк России 23.12.2015 утвердил изменения в План участия государственной корпорации «Агентство по страхованию вкладов» (далее — Агентство) в осуществлении мер по предупреждению банкротства Публичного акционерного общества «Балтийский Инвестиционный Банк» ПАО «БАЛТИНВЕСТБАНК» (рег. № 3176). Агентство провело конкурсный отбор инвестора для участия в мероприятиях по предупреждению банкротства банка, по результатам котор",Семантически подтверждена самостоятельная процедура финансового оздоровления; отзыв лицензии не требуется.
3252,"АО ""Газэнергобанк""",2015-09-21,2015-07-01,Санация,Газэнергобанк,Пресс-релиз Банка России,2015-09-21,,https://www.cbr.ru/press/pr/?file=21092015_134538ik2015-09-21T13_39_30.htm,"Банк России 21.09.2015 утвердил изменения в План участия государственной корпорации «Агентство по страхованию вкладов» (далее — Агентство) в осуществлении мер по предупреждению банкротства ОАО «Газэнергобанк» (рег. № 3252, г. Калуга). По результатам проведенного Агентством конкурсного отбора инвестора для участия в мероприятиях по предупреждению банкротства банка, победителем конкурса признано открытое акционерное об",Семантически подтверждена самостоятельная процедура финансового оздоровления; отзыв лицензии не требуется.
1053,"КБ ""Финансовый стандарт"" (ООО)",2016-06-08,2016-04-01,Капитал ниже минимума,Об отзыве лицензии на осуществление банковских операций,Приказ Банка России,2016-06-08,ОД-179,https://www.cbr.ru/Queries/XsltBlock/File/31947?fileId=11028,"снижением размера собственных средств (капитала) ниже минимального значения уставного капитала, установленного на дату государственной регистрации кредитной организации",Основание отзыва лицензии отнесено к указанному критерию по юридическому смыслу формулировки официального документа.
1053,"КБ ""Финансовый стандарт"" (ООО)",2016-06-08,2016-04-01,Неспособность исполнять обязательства,Об отзыве лицензии на осуществление банковских операций,Приказ Банка России,2016-06-08,ОД-179,https://www.cbr.ru/Queries/XsltBlock/File/31947?fileId=11028,неспособностью удовлетворить требования кредиторов по денежным обязательствам,Основание отзыва лицензии отнесено к указанному критерию по юридическому смыслу формулировки официального документа.
1053,"КБ ""Финансовый стандарт"" (ООО)",2016-06-08,2016-04-01,Нарушение обязательных нормативов,Об отзыве лицензии на осуществление банковских операций,Приказ Банка России,2016-06-08,ОД-179,https://www.cbr.ru/Queries/XsltBlock/File/31947?fileId=11028,значением всех нормативов достаточности собственных средств (капитала) ниже двух процентов,Основание отзыва лицензии отнесено к указанному критерию по юридическому смыслу формулировки официального документа.
1277,"Банк ""Богородский"" (ООО)",2016-03-24,2016-01-01,Капитал ниже минимума,Об отзыве лицензии на осуществление банковских операций,Приказ Банка России,2016-03-24,ОД-988,https://www.cbr.ru/Queries/XsltBlock/File/31947?fileId=10435,"снижением размера собственных средств (капитала) ниже минимального значения уставного капитала, установленного на дату государственной регистрации кредитной организации",Основание отзыва лицензии отнесено к указанному критерию по юридическому смыслу формулировки официального документа.
1277,"Банк ""Богородский"" (ООО)",2016-03-24,2016-01-01,Нарушение обязательных нормативов,Об отзыве лицензии на осуществление банковских операций,Приказ Банка России,2016-03-24,ОД-988,https://www.cbr.ru/Queries/XsltBlock/File/31947?fileId=10435,значением всех нормативов достаточности собственных средств (капитала) ниже двух процентов,Основание отзыва лицензии отнесено к указанному критерию по юридическому смыслу формулировки официального документа.
1414,ПАО М2М Прайвет Банк,2016-12-09,2016-10-01,Неспособность исполнять обязательства,Об отзыве лицензии на осуществление банковских операций,Приказ Банка России,2016-12-09,ОД-4398,https://www.cbr.ru/Queries/XsltBlock/File/31947?fileId=12529,неспособностью удовлетворить требования кредиторов по денежным обязательствам,Основание отзыва лицензии отнесено к указанному критерию по юридическому смыслу формулировки официального документа.
3117,"АКБ ""Легион"" (АО)",2017-07-07,2017-07-01,Капитал ниже минимума,Об отзыве лицензии на осуществление банковских операций,Приказ Банка России,2017-07-07,ОД-1891,https://www.cbr.ru/Queries/XsltBlock/File/31947?fileId=14239,"снижением размера собственных средств (капитала) ниже минимального значения уставного капитала, установленного на дату государственной регистрации кредитной организации",Основание отзыва лицензии отнесено к указанному критерию по юридическому смыслу формулировки официального документа.
3117,"АКБ ""Легион"" (АО)",2017-07-07,2017-07-01,Нарушение обязательных нормативов,Об отзыве лицензии на осуществление банковских операций,Приказ Банка России,2017-07-07,ОД-1891,https://www.cbr.ru/Queries/XsltBlock/File/31947?fileId=14239,значением всех нормативов достаточности собственных средств (капитала) ниже двух процентов,Основание отзыва лицензии отнесено к указанному критерию по юридическому смыслу формулировки официального документа.
2928,"АО АКБ ""Банкирский Дом""",2016-03-03,2016-01-01,Капитал ниже минимума,Об отзыве лицензии на осуществление банковских операций,Приказ Банка России,2016-03-03,ОД-726,https://www.cbr.ru/Queries/XsltBlock/File/31947?fileId=10274,"снижением размера собственных средств (капитала) ниже минимального значения уставного капитала, установленного на дату государственной регистрации кредитной организации",Основание отзыва лицензии отнесено к указанному критерию по юридическому смыслу формулировки официального документа.
2928,"АО АКБ ""Банкирский Дом""",2016-03-03,2016-01-01,Нарушение обязательных нормативов,Об отзыве лицензии на осуществление банковских операций,Приказ Банка России,2016-03-03,ОД-726,https://www.cbr.ru/Queries/XsltBlock/File/31947?fileId=10274,значением всех нормативов достаточности собственных средств (капитала) ниже двух процентов,Основание отзыва лицензии отнесено к указанному критерию по юридическому смыслу формулировки официального документа.
3065,"Банк ""ВПБ"" (АО)",2016-09-26,2016-07-01,Нарушение обязательных нормативов,Об отзыве лицензии на осуществление банковских операций,Приказ Банка России,2016-09-26,ОД-3258,https://www.cbr.ru/Queries/XsltBlock/File/31947?fileId=11883,значением всех нормативов достаточности собственных средств (капитала) ниже двух процентов,Основание отзыва лицензии отнесено к указанному критерию по юридическому смыслу формулировки официального документа.
720,"ПАО ""Выборг-банк""",2016-09-07,2016-07-01,Нарушение обязательных нормативов,Об отзыве лицензии на осуществление банковских операций,Приказ Банка России,2016-09-07,ОД-2965,https://www.cbr.ru/Queries/XsltBlock/File/31947?fileId=11762,значением всех нормативов достаточности собственных средств (капитала) ниже двух процентов,Основание отзыва лицензии отнесено к указанному критерию по юридическому смыслу формулировки официального документа.
3002,"ООО КБ ""Пульс Столицы""",2016-04-13,2016-04-01,Капитал ниже минимума,Об отзыве лицензии на осуществление банковских операций,Приказ Банка России,2016-04-13,ОД-1216,https://www.cbr.ru/Queries/XsltBlock/File/31947?fileId=10632,"снижением размера собственных средств (капитала) ниже минимального значения уставного капитала, установленного на дату государственной регистрации кредитной организации",Основание отзыва лицензии отнесено к указанному критерию по юридическому смыслу формулировки официального документа.
3002,"ООО КБ ""Пульс Столицы""",2016-04-13,2016-04-01,Нарушение обязательных нормативов,Об отзыве лицензии на осуществление банковских операций,Приказ Банка России,2016-04-13,ОД-1216,https://www.cbr.ru/Queries/XsltBlock/File/31947?fileId=10632,значением всех нормативов достаточности собственных средств (капитала) ниже двух процентов,Основание отзыва лицензии отнесено к указанному критерию по юридическому смыслу формулировки официального документа.
2123,"ООО ""Промрегионбанк""",2016-05-30,2016-04-01,Капитал ниже минимума,Об отзыве лицензии на осуществление банковских операций,Приказ Банка России,2016-05-30,ОД-1873,https://www.cbr.ru/Queries/XsltBlock/File/31947?fileId=10967,"снижением размера собственных средств (капитала) ниже минимального значения уставного капитала, установленного на дату государственной регистрации кредитной организации",Основание отзыва лицензии отнесено к указанному критерию по юридическому смыслу формулировки официального документа.
2123,"ООО ""Промрегионбанк""",2016-05-30,2016-04-01,Нарушение обязательных нормативов,Об отзыве лицензии на осуществление банковских операций,Приказ Банка России,2016-05-30,ОД-1873,https://www.cbr.ru/Queries/XsltBlock/File/31947?fileId=10967,значением всех нормативов достаточности собственных средств (капитала) ниже двух процентов,Основание отзыва лицензии отнесено к указанному критерию по юридическому смыслу формулировки официального документа.
766,"АКБ ""Северо-Западный 1 Альянс Банк"" АО",2017-02-16,2017-01-01,Неисполнение требования о капитале,Об отзыве лицензии на осуществление банковских операций,Пресс-релиз Банка России,2017-02-16,,https://www.cbr.ru/press/pr/?file=16022017_085015ik2017-02-16T08_47_50.htm,неисполнением в срок установленного требования Банка России о приведении в соответствие величины уставного капитала и размера собственных средств (капитала),Основание отзыва лицензии отнесено к указанному критерию по юридическому смыслу формулировки официального документа.
