Регистрационный номер банка,Наименование банка,Дата события,Квартал события,Тип события,Капитал ниже минимума,Неисполнение требования о капитале,Неспособность исполнять обязательства,Санация,Нарушение обязательных нормативов,Дефолт,Статус проверки,Количество подтверждающих источников,Ссылки на подтверждающие документы
3251,"ПАО ""Промсвязьбанк""",2017-12-15,2017-10-01,Санация,,,,1,,1,Подтверждено в пилотной выборке,1,https://www.cbr.ru/press/pr/?file=15122017_091904ik2017-12-15T09_28_43.htm
3279,"Банк ""ТРАСТ"" (ПАО)",2018-03-14,2018-01-01,Санация,,,,1,,1,Подтверждено в пилотной выборке,1,https://www.cbr.ru/press/pr/?file=14032018_192250ik2018-03-14T19_22_07.htm
2110,"АКБ ""ПЕРЕСВЕТ"" (ПАО)",2017-04-19,2017-04-01,Санация,,,,1,,1,Подтверждено в пилотной выборке,1,https://www.cbr.ru/press/pr/?file=19042017_133539ik2017-04-19T13_35_04.htm
1751,ПАО МОСОБЛБАНК,2014-05-21,2014-04-01,Санация,,,,1,,1,Подтверждено в пилотной выборке,1,https://www.cbr.ru/press/pr/?file=21052014_165934bank.htm
554,"АО КБ ""Солидарность""",2015-11-05,2015-10-01,Санация,,,,1,,1,Подтверждено в пилотной выборке,1,https://www.cbr.ru/press/pr/?file=05112015_093816ik2015-11-05T09_35_40.htm
1319,"АО ""Экономбанк""",2016-03-09,2016-01-01,Санация,,,,1,,1,Подтверждено в пилотной выборке,1,https://www.cbr.ru/press/pr/?file=09032016_091941ik2016-03-09T09_17_43.htm
1581,"АО ""Тимер Банк""",2017-12-15,2017-10-01,Санация,,,,1,,1,Подтверждено в пилотной выборке,1,https://www.cbr.ru/press/pr/?file=15122017_145356ik2017-12-15T15_04_03.htm
2490,"АО ""ГЕНБАНК""",2020-06-19,2020-04-01,Санация,,,,1,,1,Подтверждено в пилотной выборке,1,https://www.cbr.ru/press/pr/?file=19062020_161009ik2020-06-19T16_09_22.htm
3176,"ПАО ""БАЛТИНВЕСТБАНК""",2015-12-24,2015-10-01,Санация,,,,1,,1,Подтверждено в пилотной выборке,1,https://www.cbr.ru/press/pr/?file=24122015_090501ik2015-12-24T08_58_04.htm
3252,"АО ""Газэнергобанк""",2015-09-21,2015-07-01,Санация,,,,1,,1,Подтверждено в пилотной выборке,1,https://www.cbr.ru/press/pr/?file=21092015_134538ik2015-09-21T13_39_30.htm
1053,"КБ ""Финансовый стандарт"" (ООО)",2016-06-08,2016-04-01,Отзыв лицензии,1,,1,,1,1,Подтверждено в пилотной выборке,3,https://www.cbr.ru/Queries/XsltBlock/File/31947?fileId=11028
1277,"Банк ""Богородский"" (ООО)",2016-03-24,2016-01-01,Отзыв лицензии,1,,,,1,1,Подтверждено в пилотной выборке,2,https://www.cbr.ru/Queries/XsltBlock/File/31947?fileId=10435
1414,ПАО М2М Прайвет Банк,2016-12-09,2016-10-01,Отзыв лицензии,,,1,,,1,Подтверждено в пилотной выборке,1,https://www.cbr.ru/Queries/XsltBlock/File/31947?fileId=12529
3117,"АКБ ""Легион"" (АО)",2017-07-07,2017-07-01,Отзыв лицензии,1,,,,1,1,Подтверждено в пилотной выборке,2,https://www.cbr.ru/Queries/XsltBlock/File/31947?fileId=14239
2928,"АО АКБ ""Банкирский Дом""",2016-03-03,2016-01-01,Отзыв лицензии,1,,,,1,1,Подтверждено в пилотной выборке,2,https://www.cbr.ru/Queries/XsltBlock/File/31947?fileId=10274
3065,"Банк ""ВПБ"" (АО)",2016-09-26,2016-07-01,Отзыв лицензии,,,,,1,1,Подтверждено в пилотной выборке,1,https://www.cbr.ru/Queries/XsltBlock/File/31947?fileId=11883
720,"ПАО ""Выборг-банк""",2016-09-07,2016-07-01,Отзыв лицензии,,,,,1,1,Подтверждено в пилотной выборке,1,https://www.cbr.ru/Queries/XsltBlock/File/31947?fileId=11762
3002,"ООО КБ ""Пульс Столицы""",2016-04-13,2016-04-01,Отзыв лицензии,1,,,,1,1,Подтверждено в пилотной выборке,2,https://www.cbr.ru/Queries/XsltBlock/File/31947?fileId=10632
2123,"ООО ""Промрегионбанк""",2016-05-30,2016-04-01,Отзыв лицензии,1,,,,1,1,Подтверждено в пилотной выборке,2,https://www.cbr.ru/Queries/XsltBlock/File/31947?fileId=10967
766,"АКБ ""Северо-Западный 1 Альянс Банк"" АО",2017-02-16,2017-01-01,Отзыв лицензии,,1,,,,1,Подтверждено в пилотной выборке,1,https://www.cbr.ru/press/pr/?file=16022017_085015ik2017-02-16T08_47_50.htm
